,Mean Reward,Mean dQ,Max V,Mean V,Optimal policy reward
10000,1.107,0.01030926454171987,10.0,1.0080584613307484,1.0072
50000,1.107,0.007182931066016154,29.51330761355024,1.0326361884050412,1.2475
100000,0.999,0.006360863225331254,86.48053266327602,1.1147555429922567,1.4455
500000,0.997,0.003739395937195361,517.1781136547045,2.202499144768684,2.2175
1000000,1.314,0.01555565582146166,581.355996256559,3.8567168314149507,2.7918
