,Iteration to converge,Reward,Max V,Mean V,Optimal policy reward
0.3,5,142.7960107267087,142.7960107267087,1.2959750195577335,1.5445
0.5,8,199.80077205532805,199.80077205532805,1.7194377694044793,1.6831
0.8,24,498.01672104440297,498.01672104440297,5.178485760139027,3.1084
0.9,50,991.1224120996278,991.1224120996278,14.773695832787286,6.0483
0.99,479,9103.66019052493,9103.66019052493,852.1035912170499,38.5106
0.999,999,56793.4979472848,56793.4979472848,28410.123533777398,63.65
0.9999,999,258308.61785396744,258308.61785396744,222549.80951130428,62.46
