alpha schedule key,Mean Reward,Mean dQ,Max V,Mean V,Optimal policy reward
constant_1,1.007,49.669487535569964,25334.055700362907,145.38265719682096,1.7128
constant_0.5,0.999,19.02608380890044,13889.375715994254,296.23715101249496,3.3457
constant_0.1,1.0,0.5771212727513175,2877.9217477171374,32.376484907200265,3.6035
constant_0.01,1.308,0.005438562662634042,260.0059735497662,1.4957840247584195,1.6138
linear,1.0,0.4402854587167342,11470.186625465954,174.66770604692118,3.8706
geom,1.0,0.27176878653326836,4219.53182614479,36.63297221489777,3.2965
exp_decay,1.008,0.07111496608018077,1622.4107706746113,9.24094866933309,2.6433
