eps schedule key,Mean Reward,Mean dQ,Max V,Mean V,Optimal policy reward
constant_1,0.999,0.006403578219589816,87.4796678579494,1.1157061028449022,1.4455
constant_0.5,1.309,0.005231397361155501,260.0059735497662,1.536457504320176,1.6336
constant_0.1,0.997,2.04882841966799,1410.0019121342395,3.286100635732,1.0792
constant_0.01,1.0,4.75639279685295e-05,1140.5016711774488,2.1391529261560707,1.0792
linear,25.926,1.4667844299314519,994.0025565963529,2.0916467509424623,1.2871
geom,1.0,0.05379283771617921,897.0067118068029,2.520062037149209,1.1485
exp_decay,1.007,7.118758146565738e-05,10.0,1.0089988325023127,1.0063
