eps schedule key,Mean Reward,Mean dQ,Max V,Mean V,Optimal policy reward
constant_1,0.999,0.006269076933879479,86.48053266327602,1.114890898832284,1.4455
constant_0.5,1.308,0.005458675652959076,346.44974152226513,1.717793081130222,1.6336
constant_0.1,1.0,0.249450083229658,861.323033127586,2.8347748123592615,1.4354
constant_0.01,8.508,0.0752327577161396,174.89728449453344,1.1732212311745223,1.1089
linear,11.908,1.1925467904513272,1134.0439086947667,3.6411599693208125,1.2673
geom,1.0,2.5329351315227622e-05,552.5202643375367,1.8504245055195654,1.1485
exp_decay,1.014,0.0024026791371673235,10.0,1.0089935223246402,1.0063
