,Mean Reward,Mean dQ,Max V,Mean V,Optimal policy reward
10000,1.018,0.0030880629190090537,10.0,1.008138542228905,1.0
50000,1.709,0.017298075510967653,87.95590523980457,1.1232917020730817,1.297
100000,1.309,0.005119470670952524,256.99362378593077,1.5085466325308174,1.594
500000,1.0,0.10376733634610193,1320.6733350734935,9.394888671568303,3.276
1000000,0.998,0.06872125306913958,2692.2505621114015,21.855032672688537,3.673
