,Iteration to converge,Max V,Mean V,Optimal policy reward
0.3,5,142.7960107267087,1.2959750195577335,1.792
0.5,8,199.80077205532805,1.7194377694044793,1.396
0.8,24,498.01672104440297,5.178485760139027,3.474
0.9,50,991.1224120996278,14.773695832787286,6.544
0.99,479,9103.66019052493,852.1035912170499,37.034
0.999,999,56793.4979472848,28410.123533777398,65.1
