,Iteration to converge,Reward,Max V,Mean V,Optimal policy reward
0.3,9,142.79330013440853,142.79330013440853,1.2959555182730982,1.4455
0.5,17,199.79936657882098,199.79936657882098,1.7194217568981955,1.792
0.8,58,498.01569106185616,498.01569106185616,5.17845503857621,3.7715
0.9,129,991.1214159840487,991.1214159840487,14.773640912166048,6.0276
0.99,1458,9103.659349165942,9103.659349165942,852.1031782786298,38.2691
0.999,1017,43589.49887013192,43589.49887013192,15206.124456624548,62.85
0.9999,1010,61175.092338148606,61175.092338148606,25416.28399548551,63.36
