,Iteration to converge,Reward,Max V,Mean V,Optimal policy reward
0.3,4,0.37466666666666665,0.37466666666666665,0.013223958333333334,0.0
0.5,7,0.4171596364883402,0.4171596364883402,0.016722572302240512,0.0
0.8,20,0.5390616166061217,0.5390616166061217,0.032107384261799966,0.615
0.9,45,0.6303669449960765,0.6303669449960765,0.05607337482502546,0.7451
0.99,296,0.8777528076303498,0.8777528076303498,0.3369297168155167,0.8889
0.999,736,0.9811406750667315,0.9811406750667315,0.6114445840761678,1.0
0.9999,946,0.9980119338605906,0.9980119338605906,0.6693006430544175,1.0
