,Mean Reward,Mean dQ,Max V,Mean V,Optimal policy reward
1000,0.006,0.005954421009430783,0.9924263524040432,0.029934251792817675,0.4765
5000,0.016,0.01705998392461965,1.0,0.12612165586380505,0.4955
10000,0.03,0.0249031183296523,1.0,0.25920815319135987,0.9942
50000,0.023,0.025788338056141658,1.0,0.3375727817340793,0.9052
100000,0.013,0.013784714748199997,1.0,0.34898117334566386,0.8743
