,Iteration to converge,Max V,Mean V,Optimal policy reward
0.3,4,0.37466666666666665,0.013223958333333334,0.0
0.5,7,0.4171596364883402,0.016722572302240512,0.0
0.8,20,0.5390616166061217,0.032107384261799966,0.619
0.9,45,0.6303669449960765,0.05607337482502546,0.74
0.99,296,0.8777528076303498,0.3369297168155167,0.874
0.999,736,0.9811406750667315,0.6114445840761678,1.0
