eps schedule key,Mean Reward,Mean dQ,Max V,Mean V,Optimal policy reward
constant_1,0.01,0.013447232252212574,1.0,0.09680869373275738,0.502
constant_0.5,0.019,0.02438249600680987,1.0,0.2338841303168486,0.509
constant_0.1,0.022,0.010175684077583383,1.0,0.30197092186789765,0.949
constant_0.01,0.009,0.013,0.0,0.0,0.0
linear,0.015,0.014917887383150853,0.9940753244450156,0.12520629840544256,0.989
geom,0.009,0.016915373603437565,0.9945534860307104,0.12958209308027763,0.992
exp_decay,0.022,0.014830795452438532,1.0,0.19555889090145523,0.991
