,Mean Reward,Mean dQ,Max V,Mean V,Optimal policy reward
1000,0.018,0.008907512885713051,1.0,0.04205850349322887,0.2036
5000,0.02,0.02393447168665912,1.0,0.06006301408875495,0.4975
10000,0.016,0.02576364372001793,1.0,0.11732410059797063,0.4957
50000,0.015,0.017294884242210297,1.0,0.2649949928192261,0.4934
100000,0.013,0.020363562426801422,1.0,0.3237995372275409,0.5003
