,Iteration to converge,Reward,Max V,Mean V,Optimal policy reward
0.3,5,0.37503666666666663,0.37503666666666663,0.013277291666666666,0.0
0.5,7,0.4174029791465562,0.4174029791465562,0.016782289056116267,0.0479
0.8,9,0.5393130413878591,0.5393130413878591,0.03236613265986554,0.6713
0.9,9,0.6305036785201981,0.6305036785201981,0.056461451218301574,0.7519
0.99,10,0.8777671355615537,0.8777671355615537,0.3369982152757541,0.8937
0.999,12,0.9811422997809165,0.9811422997809165,0.6114565986487495,1.0
0.9999,12,0.9980120918029987,0.9980120918029987,0.6693018868099526,1.0
