eps schedule key,Mean Reward,Mean dQ,Max V,Mean V,Optimal policy reward
constant_1,0.018,0.025262934527447257,1.0,0.12242853890188084,0.4904
constant_0.5,0.016,0.017402024446206255,1.0,0.26778096698433257,0.9924
constant_0.1,0.029,0.01560174459833739,1.0,0.2700091730591848,0.9683
constant_0.01,0.043,0.006715810951128756,1.0,0.022883810493282242,0.0
linear,0.011,0.01732595979366897,1.0,0.11239167095446921,0.5013
geom,0.026,0.017583521812441966,1.0,0.17999147403867277,0.9924
exp_decay,0.022,0.018886852851807787,1.0,0.20973061147928848,0.9936
