alpha schedule key,Mean Reward,Mean dQ,Max V,Mean V,Optimal policy reward
constant_1,0.018,0.009489779568809321,1.0,0.0786431610289409,0.0
constant_0.5,0.023,0.11753767363282433,1.0,0.3324757976143759,0.874
constant_0.1,0.025,0.04221879568722663,1.0,0.31734651211600334,0.799
constant_0.01,0.036,0.009938013785397265,1.0,0.3112421093647123,0.985
linear,0.024,0.029110784727345244,1.0,0.3211936762919398,0.934
geom,0.035,0.00803189054764469,1.0,0.32444861734086694,0.951
exp_decay,0.009,0.006481797815800433,1.0,0.31215344686367413,0.928
