eps schedule key,Mean Reward,Mean dQ,Max V,Mean V,Optimal policy reward
constant_1,0.011,0.01707587529323323,1.0,0.1037814271561042,0.993
constant_0.5,0.016,0.022121988819927885,1.0,0.22986728277463436,0.4977
constant_0.1,0.029,0.009036565027916861,1.0,0.31295044597027927,0.9373
constant_0.01,0.02,0.006379182686831154,1.0,0.023948187292425007,0.0
linear,0.016,0.018428105267016437,1.0,0.10079616538983027,0.4985
geom,0.019,0.020750453689694956,1.0,0.15763595555602966,0.4976
exp_decay,0.021,0.020957883585578138,1.0,0.20353271053150834,0.9928
